{
  "best_global_step": null,
  "best_metric": null,
  "best_model_checkpoint": null,
  "epoch": 2.8017241379310347,
  "eval_steps": 500,
  "global_step": 1300,
  "is_hyper_param_search": false,
  "is_local_process_zero": true,
  "is_world_process_zero": true,
  "log_history": [
    {
      "epoch": 0.021551724137931036,
      "grad_norm": 1.818193793296814,
      "learning_rate": 9.961206896551725e-05,
      "loss": 4.0256,
      "step": 10
    },
    {
      "epoch": 0.04310344827586207,
      "grad_norm": 1.4982492923736572,
      "learning_rate": 9.918103448275863e-05,
      "loss": 3.2843,
      "step": 20
    },
    {
      "epoch": 0.06465517241379311,
      "grad_norm": 2.217386245727539,
      "learning_rate": 9.875000000000002e-05,
      "loss": 3.0369,
      "step": 30
    },
    {
      "epoch": 0.08620689655172414,
      "grad_norm": 1.747321367263794,
      "learning_rate": 9.831896551724138e-05,
      "loss": 2.9523,
      "step": 40
    },
    {
      "epoch": 0.10775862068965517,
      "grad_norm": 1.9943522214889526,
      "learning_rate": 9.788793103448277e-05,
      "loss": 2.8826,
      "step": 50
    },
    {
      "epoch": 0.12931034482758622,
      "grad_norm": 1.8276962041854858,
      "learning_rate": 9.745689655172415e-05,
      "loss": 2.7943,
      "step": 60
    },
    {
      "epoch": 0.15086206896551724,
      "grad_norm": 2.1076183319091797,
      "learning_rate": 9.702586206896553e-05,
      "loss": 2.8614,
      "step": 70
    },
    {
      "epoch": 0.1724137931034483,
      "grad_norm": 2.5461983680725098,
      "learning_rate": 9.65948275862069e-05,
      "loss": 2.6773,
      "step": 80
    },
    {
      "epoch": 0.1939655172413793,
      "grad_norm": 2.3427791595458984,
      "learning_rate": 9.616379310344828e-05,
      "loss": 2.6592,
      "step": 90
    },
    {
      "epoch": 0.21551724137931033,
      "grad_norm": 2.6985971927642822,
      "learning_rate": 9.573275862068966e-05,
      "loss": 2.4945,
      "step": 100
    },
    {
      "epoch": 0.23706896551724138,
      "grad_norm": 2.661609172821045,
      "learning_rate": 9.530172413793104e-05,
      "loss": 2.6054,
      "step": 110
    },
    {
      "epoch": 0.25862068965517243,
      "grad_norm": 2.291738986968994,
      "learning_rate": 9.487068965517241e-05,
      "loss": 2.3908,
      "step": 120
    },
    {
      "epoch": 0.2801724137931034,
      "grad_norm": 3.272047281265259,
      "learning_rate": 9.44396551724138e-05,
      "loss": 2.5877,
      "step": 130
    },
    {
      "epoch": 0.3017241379310345,
      "grad_norm": 3.369332790374756,
      "learning_rate": 9.400862068965518e-05,
      "loss": 2.6112,
      "step": 140
    },
    {
      "epoch": 0.3232758620689655,
      "grad_norm": 2.735521078109741,
      "learning_rate": 9.357758620689656e-05,
      "loss": 2.1759,
      "step": 150
    },
    {
      "epoch": 0.3448275862068966,
      "grad_norm": 2.2996792793273926,
      "learning_rate": 9.314655172413793e-05,
      "loss": 2.4893,
      "step": 160
    },
    {
      "epoch": 0.36637931034482757,
      "grad_norm": 2.738330602645874,
      "learning_rate": 9.271551724137931e-05,
      "loss": 2.3337,
      "step": 170
    },
    {
      "epoch": 0.3879310344827586,
      "grad_norm": 2.522279739379883,
      "learning_rate": 9.228448275862069e-05,
      "loss": 2.3158,
      "step": 180
    },
    {
      "epoch": 0.40948275862068967,
      "grad_norm": 2.814652919769287,
      "learning_rate": 9.185344827586207e-05,
      "loss": 2.4451,
      "step": 190
    },
    {
      "epoch": 0.43103448275862066,
      "grad_norm": 3.4508798122406006,
      "learning_rate": 9.142241379310345e-05,
      "loss": 2.2378,
      "step": 200
    },
    {
      "epoch": 0.4525862068965517,
      "grad_norm": 2.901789426803589,
      "learning_rate": 9.099137931034482e-05,
      "loss": 2.5012,
      "step": 210
    },
    {
      "epoch": 0.47413793103448276,
      "grad_norm": 2.694385290145874,
      "learning_rate": 9.05603448275862e-05,
      "loss": 2.5154,
      "step": 220
    },
    {
      "epoch": 0.4956896551724138,
      "grad_norm": 3.1096889972686768,
      "learning_rate": 9.012931034482759e-05,
      "loss": 2.091,
      "step": 230
    },
    {
      "epoch": 0.5172413793103449,
      "grad_norm": 2.8296422958374023,
      "learning_rate": 8.969827586206897e-05,
      "loss": 2.1697,
      "step": 240
    },
    {
      "epoch": 0.5387931034482759,
      "grad_norm": 2.570539712905884,
      "learning_rate": 8.926724137931035e-05,
      "loss": 2.3571,
      "step": 250
    },
    {
      "epoch": 0.5603448275862069,
      "grad_norm": 2.680711507797241,
      "learning_rate": 8.883620689655173e-05,
      "loss": 2.2635,
      "step": 260
    },
    {
      "epoch": 0.5818965517241379,
      "grad_norm": 3.354757070541382,
      "learning_rate": 8.84051724137931e-05,
      "loss": 2.1314,
      "step": 270
    },
    {
      "epoch": 0.603448275862069,
      "grad_norm": 3.6248106956481934,
      "learning_rate": 8.797413793103448e-05,
      "loss": 2.1887,
      "step": 280
    },
    {
      "epoch": 0.625,
      "grad_norm": 3.2176153659820557,
      "learning_rate": 8.754310344827586e-05,
      "loss": 1.9748,
      "step": 290
    },
    {
      "epoch": 0.646551724137931,
      "grad_norm": 2.6135191917419434,
      "learning_rate": 8.711206896551725e-05,
      "loss": 2.3913,
      "step": 300
    },
    {
      "epoch": 0.6681034482758621,
      "grad_norm": 3.426854372024536,
      "learning_rate": 8.668103448275863e-05,
      "loss": 2.4377,
      "step": 310
    },
    {
      "epoch": 0.6896551724137931,
      "grad_norm": 2.61352801322937,
      "learning_rate": 8.625000000000001e-05,
      "loss": 2.5209,
      "step": 320
    },
    {
      "epoch": 0.7112068965517241,
      "grad_norm": 2.9483530521392822,
      "learning_rate": 8.581896551724138e-05,
      "loss": 2.4111,
      "step": 330
    },
    {
      "epoch": 0.7327586206896551,
      "grad_norm": 2.6631267070770264,
      "learning_rate": 8.538793103448276e-05,
      "loss": 2.2092,
      "step": 340
    },
    {
      "epoch": 0.7543103448275862,
      "grad_norm": 3.5925426483154297,
      "learning_rate": 8.495689655172414e-05,
      "loss": 2.3043,
      "step": 350
    },
    {
      "epoch": 0.7758620689655172,
      "grad_norm": 3.8555009365081787,
      "learning_rate": 8.452586206896552e-05,
      "loss": 2.2413,
      "step": 360
    },
    {
      "epoch": 0.7974137931034483,
      "grad_norm": 3.2418079376220703,
      "learning_rate": 8.40948275862069e-05,
      "loss": 2.1681,
      "step": 370
    },
    {
      "epoch": 0.8189655172413793,
      "grad_norm": 3.211676836013794,
      "learning_rate": 8.366379310344829e-05,
      "loss": 2.2371,
      "step": 380
    },
    {
      "epoch": 0.8405172413793104,
      "grad_norm": 3.4586968421936035,
      "learning_rate": 8.323275862068966e-05,
      "loss": 2.3134,
      "step": 390
    },
    {
      "epoch": 0.8620689655172413,
      "grad_norm": 3.900681734085083,
      "learning_rate": 8.280172413793104e-05,
      "loss": 2.1275,
      "step": 400
    },
    {
      "epoch": 0.8836206896551724,
      "grad_norm": 2.7567505836486816,
      "learning_rate": 8.237068965517242e-05,
      "loss": 2.1765,
      "step": 410
    },
    {
      "epoch": 0.9051724137931034,
      "grad_norm": 2.734130620956421,
      "learning_rate": 8.19396551724138e-05,
      "loss": 2.1339,
      "step": 420
    },
    {
      "epoch": 0.9267241379310345,
      "grad_norm": 3.7480692863464355,
      "learning_rate": 8.150862068965518e-05,
      "loss": 2.1765,
      "step": 430
    },
    {
      "epoch": 0.9482758620689655,
      "grad_norm": 3.031795024871826,
      "learning_rate": 8.107758620689657e-05,
      "loss": 2.1462,
      "step": 440
    },
    {
      "epoch": 0.9698275862068966,
      "grad_norm": 3.556311845779419,
      "learning_rate": 8.064655172413793e-05,
      "loss": 2.163,
      "step": 450
    },
    {
      "epoch": 0.9913793103448276,
      "grad_norm": 3.5925254821777344,
      "learning_rate": 8.021551724137932e-05,
      "loss": 2.2842,
      "step": 460
    },
    {
      "epoch": 1.0129310344827587,
      "grad_norm": 3.6550698280334473,
      "learning_rate": 7.97844827586207e-05,
      "loss": 1.9506,
      "step": 470
    },
    {
      "epoch": 1.0344827586206897,
      "grad_norm": 4.1692633628845215,
      "learning_rate": 7.935344827586208e-05,
      "loss": 2.1146,
      "step": 480
    },
    {
      "epoch": 1.0560344827586208,
      "grad_norm": 3.2352232933044434,
      "learning_rate": 7.892241379310346e-05,
      "loss": 1.9771,
      "step": 490
    },
    {
      "epoch": 1.0775862068965518,
      "grad_norm": 3.8984909057617188,
      "learning_rate": 7.849137931034483e-05,
      "loss": 1.9467,
      "step": 500
    },
    {
      "epoch": 1.0991379310344827,
      "grad_norm": 3.564743995666504,
      "learning_rate": 7.806034482758621e-05,
      "loss": 2.0453,
      "step": 510
    },
    {
      "epoch": 1.1206896551724137,
      "grad_norm": 3.4259276390075684,
      "learning_rate": 7.76293103448276e-05,
      "loss": 1.8418,
      "step": 520
    },
    {
      "epoch": 1.1422413793103448,
      "grad_norm": 3.837368965148926,
      "learning_rate": 7.719827586206898e-05,
      "loss": 1.9356,
      "step": 530
    },
    {
      "epoch": 1.1637931034482758,
      "grad_norm": 3.7541868686676025,
      "learning_rate": 7.676724137931036e-05,
      "loss": 1.7526,
      "step": 540
    },
    {
      "epoch": 1.1853448275862069,
      "grad_norm": 4.116062641143799,
      "learning_rate": 7.633620689655173e-05,
      "loss": 2.1803,
      "step": 550
    },
    {
      "epoch": 1.206896551724138,
      "grad_norm": 4.116799354553223,
      "learning_rate": 7.590517241379311e-05,
      "loss": 1.9163,
      "step": 560
    },
    {
      "epoch": 1.228448275862069,
      "grad_norm": 4.350512504577637,
      "learning_rate": 7.547413793103449e-05,
      "loss": 2.0822,
      "step": 570
    },
    {
      "epoch": 1.25,
      "grad_norm": 3.0532917976379395,
      "learning_rate": 7.504310344827586e-05,
      "loss": 1.9062,
      "step": 580
    },
    {
      "epoch": 1.271551724137931,
      "grad_norm": 5.176352024078369,
      "learning_rate": 7.461206896551724e-05,
      "loss": 2.0118,
      "step": 590
    },
    {
      "epoch": 1.293103448275862,
      "grad_norm": 3.900728702545166,
      "learning_rate": 7.418103448275862e-05,
      "loss": 2.0573,
      "step": 600
    },
    {
      "epoch": 1.3146551724137931,
      "grad_norm": 3.4982028007507324,
      "learning_rate": 7.375e-05,
      "loss": 1.7973,
      "step": 610
    },
    {
      "epoch": 1.3362068965517242,
      "grad_norm": 3.9638569355010986,
      "learning_rate": 7.331896551724137e-05,
      "loss": 1.8956,
      "step": 620
    },
    {
      "epoch": 1.3577586206896552,
      "grad_norm": 4.376301288604736,
      "learning_rate": 7.288793103448275e-05,
      "loss": 1.8415,
      "step": 630
    },
    {
      "epoch": 1.3793103448275863,
      "grad_norm": 4.1387481689453125,
      "learning_rate": 7.245689655172414e-05,
      "loss": 2.0067,
      "step": 640
    },
    {
      "epoch": 1.4008620689655173,
      "grad_norm": 4.229080677032471,
      "learning_rate": 7.202586206896552e-05,
      "loss": 1.9005,
      "step": 650
    },
    {
      "epoch": 1.4224137931034484,
      "grad_norm": 4.390796184539795,
      "learning_rate": 7.15948275862069e-05,
      "loss": 1.948,
      "step": 660
    },
    {
      "epoch": 1.4439655172413794,
      "grad_norm": 3.554227828979492,
      "learning_rate": 7.116379310344828e-05,
      "loss": 1.9835,
      "step": 670
    },
    {
      "epoch": 1.4655172413793103,
      "grad_norm": 4.173209190368652,
      "learning_rate": 7.073275862068965e-05,
      "loss": 1.9336,
      "step": 680
    },
    {
      "epoch": 1.4870689655172413,
      "grad_norm": 4.655421733856201,
      "learning_rate": 7.030172413793103e-05,
      "loss": 1.9581,
      "step": 690
    },
    {
      "epoch": 1.5086206896551724,
      "grad_norm": 4.772033214569092,
      "learning_rate": 6.987068965517241e-05,
      "loss": 2.0621,
      "step": 700
    },
    {
      "epoch": 1.5301724137931034,
      "grad_norm": 4.241451263427734,
      "learning_rate": 6.94396551724138e-05,
      "loss": 1.9736,
      "step": 710
    },
    {
      "epoch": 1.5517241379310345,
      "grad_norm": 4.249302864074707,
      "learning_rate": 6.900862068965518e-05,
      "loss": 1.9278,
      "step": 720
    },
    {
      "epoch": 1.5732758620689655,
      "grad_norm": 4.912895679473877,
      "learning_rate": 6.857758620689656e-05,
      "loss": 1.8273,
      "step": 730
    },
    {
      "epoch": 1.5948275862068966,
      "grad_norm": 3.865508556365967,
      "learning_rate": 6.814655172413793e-05,
      "loss": 1.9833,
      "step": 740
    },
    {
      "epoch": 1.6163793103448276,
      "grad_norm": 4.173813343048096,
      "learning_rate": 6.771551724137931e-05,
      "loss": 1.96,
      "step": 750
    },
    {
      "epoch": 1.6379310344827587,
      "grad_norm": 4.938985824584961,
      "learning_rate": 6.728448275862069e-05,
      "loss": 1.7121,
      "step": 760
    },
    {
      "epoch": 1.6594827586206895,
      "grad_norm": 4.408746719360352,
      "learning_rate": 6.685344827586207e-05,
      "loss": 2.112,
      "step": 770
    },
    {
      "epoch": 1.6810344827586206,
      "grad_norm": 5.1764655113220215,
      "learning_rate": 6.642241379310346e-05,
      "loss": 1.9513,
      "step": 780
    },
    {
      "epoch": 1.7025862068965516,
      "grad_norm": 4.651189804077148,
      "learning_rate": 6.599137931034482e-05,
      "loss": 1.6481,
      "step": 790
    },
    {
      "epoch": 1.7241379310344827,
      "grad_norm": 4.581446647644043,
      "learning_rate": 6.55603448275862e-05,
      "loss": 1.7782,
      "step": 800
    },
    {
      "epoch": 1.7456896551724137,
      "grad_norm": 4.264570713043213,
      "learning_rate": 6.512931034482759e-05,
      "loss": 1.9397,
      "step": 810
    },
    {
      "epoch": 1.7672413793103448,
      "grad_norm": 4.172281265258789,
      "learning_rate": 6.469827586206897e-05,
      "loss": 1.8587,
      "step": 820
    },
    {
      "epoch": 1.7887931034482758,
      "grad_norm": 4.182408809661865,
      "learning_rate": 6.426724137931035e-05,
      "loss": 1.8989,
      "step": 830
    },
    {
      "epoch": 1.8103448275862069,
      "grad_norm": 4.177350044250488,
      "learning_rate": 6.383620689655173e-05,
      "loss": 2.0705,
      "step": 840
    },
    {
      "epoch": 1.831896551724138,
      "grad_norm": 4.2810163497924805,
      "learning_rate": 6.34051724137931e-05,
      "loss": 1.8486,
      "step": 850
    },
    {
      "epoch": 1.853448275862069,
      "grad_norm": 4.222277641296387,
      "learning_rate": 6.297413793103448e-05,
      "loss": 2.0061,
      "step": 860
    },
    {
      "epoch": 1.875,
      "grad_norm": 4.896256923675537,
      "learning_rate": 6.254310344827587e-05,
      "loss": 1.8704,
      "step": 870
    },
    {
      "epoch": 1.896551724137931,
      "grad_norm": 4.230093479156494,
      "learning_rate": 6.211206896551725e-05,
      "loss": 1.895,
      "step": 880
    },
    {
      "epoch": 1.918103448275862,
      "grad_norm": 3.8981447219848633,
      "learning_rate": 6.168103448275863e-05,
      "loss": 2.1726,
      "step": 890
    },
    {
      "epoch": 1.9396551724137931,
      "grad_norm": 4.499479293823242,
      "learning_rate": 6.125000000000001e-05,
      "loss": 1.6779,
      "step": 900
    },
    {
      "epoch": 1.9612068965517242,
      "grad_norm": 5.1474223136901855,
      "learning_rate": 6.081896551724138e-05,
      "loss": 1.763,
      "step": 910
    },
    {
      "epoch": 1.9827586206896552,
      "grad_norm": 4.746045112609863,
      "learning_rate": 6.038793103448276e-05,
      "loss": 1.9348,
      "step": 920
    },
    {
      "epoch": 2.0043103448275863,
      "grad_norm": 3.8989813327789307,
      "learning_rate": 5.995689655172414e-05,
      "loss": 1.9123,
      "step": 930
    },
    {
      "epoch": 2.0258620689655173,
      "grad_norm": 5.648944854736328,
      "learning_rate": 5.952586206896552e-05,
      "loss": 1.5019,
      "step": 940
    },
    {
      "epoch": 2.0474137931034484,
      "grad_norm": 4.998457908630371,
      "learning_rate": 5.90948275862069e-05,
      "loss": 1.7848,
      "step": 950
    },
    {
      "epoch": 2.0689655172413794,
      "grad_norm": 5.192335605621338,
      "learning_rate": 5.866379310344828e-05,
      "loss": 1.6143,
      "step": 960
    },
    {
      "epoch": 2.0905172413793105,
      "grad_norm": 5.023338794708252,
      "learning_rate": 5.823275862068965e-05,
      "loss": 1.5667,
      "step": 970
    },
    {
      "epoch": 2.1120689655172415,
      "grad_norm": 4.4603166580200195,
      "learning_rate": 5.780172413793103e-05,
      "loss": 1.6618,
      "step": 980
    },
    {
      "epoch": 2.1336206896551726,
      "grad_norm": 4.27023458480835,
      "learning_rate": 5.7370689655172415e-05,
      "loss": 1.6499,
      "step": 990
    },
    {
      "epoch": 2.1551724137931036,
      "grad_norm": 5.209639549255371,
      "learning_rate": 5.69396551724138e-05,
      "loss": 1.8344,
      "step": 1000
    },
    {
      "epoch": 2.1767241379310347,
      "grad_norm": 5.516610145568848,
      "learning_rate": 5.650862068965518e-05,
      "loss": 1.6925,
      "step": 1010
    },
    {
      "epoch": 2.1982758620689653,
      "grad_norm": 4.9926958084106445,
      "learning_rate": 5.607758620689656e-05,
      "loss": 1.5147,
      "step": 1020
    },
    {
      "epoch": 2.2198275862068964,
      "grad_norm": 4.3655524253845215,
      "learning_rate": 5.564655172413793e-05,
      "loss": 1.6111,
      "step": 1030
    },
    {
      "epoch": 2.2413793103448274,
      "grad_norm": 5.286397457122803,
      "learning_rate": 5.521551724137931e-05,
      "loss": 1.4848,
      "step": 1040
    },
    {
      "epoch": 2.2629310344827585,
      "grad_norm": 3.8553054332733154,
      "learning_rate": 5.478448275862069e-05,
      "loss": 1.4705,
      "step": 1050
    },
    {
      "epoch": 2.2844827586206895,
      "grad_norm": 4.763458251953125,
      "learning_rate": 5.4353448275862075e-05,
      "loss": 1.5559,
      "step": 1060
    },
    {
      "epoch": 2.3060344827586206,
      "grad_norm": 4.247252941131592,
      "learning_rate": 5.392241379310346e-05,
      "loss": 1.6344,
      "step": 1070
    },
    {
      "epoch": 2.3275862068965516,
      "grad_norm": 4.959259033203125,
      "learning_rate": 5.3491379310344825e-05,
      "loss": 1.8866,
      "step": 1080
    },
    {
      "epoch": 2.3491379310344827,
      "grad_norm": 4.881326198577881,
      "learning_rate": 5.306034482758621e-05,
      "loss": 1.7788,
      "step": 1090
    },
    {
      "epoch": 2.3706896551724137,
      "grad_norm": 5.356822490692139,
      "learning_rate": 5.262931034482759e-05,
      "loss": 1.7048,
      "step": 1100
    },
    {
      "epoch": 2.3922413793103448,
      "grad_norm": 5.09935188293457,
      "learning_rate": 5.219827586206897e-05,
      "loss": 1.6437,
      "step": 1110
    },
    {
      "epoch": 2.413793103448276,
      "grad_norm": 4.596764087677002,
      "learning_rate": 5.176724137931035e-05,
      "loss": 1.7646,
      "step": 1120
    },
    {
      "epoch": 2.435344827586207,
      "grad_norm": 4.795407295227051,
      "learning_rate": 5.133620689655173e-05,
      "loss": 1.7069,
      "step": 1130
    },
    {
      "epoch": 2.456896551724138,
      "grad_norm": 5.286792755126953,
      "learning_rate": 5.09051724137931e-05,
      "loss": 1.6422,
      "step": 1140
    },
    {
      "epoch": 2.478448275862069,
      "grad_norm": 5.67753791809082,
      "learning_rate": 5.0474137931034485e-05,
      "loss": 1.8489,
      "step": 1150
    },
    {
      "epoch": 2.5,
      "grad_norm": 4.507069110870361,
      "learning_rate": 5.004310344827586e-05,
      "loss": 1.7209,
      "step": 1160
    },
    {
      "epoch": 2.521551724137931,
      "grad_norm": 4.582456588745117,
      "learning_rate": 4.961206896551724e-05,
      "loss": 1.8237,
      "step": 1170
    },
    {
      "epoch": 2.543103448275862,
      "grad_norm": 6.117686748504639,
      "learning_rate": 4.9181034482758624e-05,
      "loss": 1.5525,
      "step": 1180
    },
    {
      "epoch": 2.564655172413793,
      "grad_norm": 6.035313129425049,
      "learning_rate": 4.875e-05,
      "loss": 1.5158,
      "step": 1190
    },
    {
      "epoch": 2.586206896551724,
      "grad_norm": 4.94742488861084,
      "learning_rate": 4.831896551724138e-05,
      "loss": 1.7579,
      "step": 1200
    },
    {
      "epoch": 2.6077586206896552,
      "grad_norm": 5.28086519241333,
      "learning_rate": 4.788793103448276e-05,
      "loss": 1.6415,
      "step": 1210
    },
    {
      "epoch": 2.6293103448275863,
      "grad_norm": 5.750217437744141,
      "learning_rate": 4.745689655172414e-05,
      "loss": 1.7714,
      "step": 1220
    },
    {
      "epoch": 2.6508620689655173,
      "grad_norm": 5.388108730316162,
      "learning_rate": 4.702586206896552e-05,
      "loss": 1.6233,
      "step": 1230
    },
    {
      "epoch": 2.6724137931034484,
      "grad_norm": 5.6002068519592285,
      "learning_rate": 4.6594827586206895e-05,
      "loss": 1.6168,
      "step": 1240
    },
    {
      "epoch": 2.6939655172413794,
      "grad_norm": 5.914283752441406,
      "learning_rate": 4.616379310344828e-05,
      "loss": 1.9006,
      "step": 1250
    },
    {
      "epoch": 2.7155172413793105,
      "grad_norm": 5.166052341461182,
      "learning_rate": 4.573275862068966e-05,
      "loss": 1.5401,
      "step": 1260
    },
    {
      "epoch": 2.737068965517241,
      "grad_norm": 5.6321797370910645,
      "learning_rate": 4.5301724137931034e-05,
      "loss": 1.7014,
      "step": 1270
    },
    {
      "epoch": 2.7586206896551726,
      "grad_norm": 4.993164539337158,
      "learning_rate": 4.4870689655172416e-05,
      "loss": 1.6842,
      "step": 1280
    },
    {
      "epoch": 2.780172413793103,
      "grad_norm": 6.551652431488037,
      "learning_rate": 4.44396551724138e-05,
      "loss": 1.7824,
      "step": 1290
    },
    {
      "epoch": 2.8017241379310347,
      "grad_norm": 4.967015266418457,
      "learning_rate": 4.400862068965517e-05,
      "loss": 1.695,
      "step": 1300
    }
  ],
  "logging_steps": 10,
  "max_steps": 2320,
  "num_input_tokens_seen": 0,
  "num_train_epochs": 5,
  "save_steps": 100,
  "stateful_callbacks": {
    "TrainerControl": {
      "args": {
        "should_epoch_stop": false,
        "should_evaluate": false,
        "should_log": false,
        "should_save": true,
        "should_training_stop": false
      },
      "attributes": {}
    }
  },
  "total_flos": 8.407696851339264e+16,
  "train_batch_size": 4,
  "trial_name": null,
  "trial_params": null
}
